{
    "time": 45487000,
    "NS3": { 
        "delay": 0.068854671533891,
        "ephemeris": {
            "sv": 3,
            "tow": 302430,
            "flags": 20,
            "iodc": 64,
            "toc": 309600,
            "ura": 0,
            "healthS": 0,
            "wn": 739,
            "tgd": -0.000000004656613,
            "af2": 0.000000000000000,
            "af1": 0.000000000005002,
            "af0": 0.000276422128081,
            "toe": 309600,
            "iode": 64,
            "rootA": 5153.738170623779297,
            "ecc": 0.016723674605601,
            "m0": 0.507628407794982,
            "omega0": 0.315306557342410,
            "inc0": 0.297892010305077,
            "argPer": 0.428178857546300,
            "deln": 0.000000001617650,
            "omegaDot": -0.000000002617185,
            "incDot": 0.000000000112550,
            "crc": 188.187500000000000,
            "crs": -28.531250000000000,
            "cuc": -0.000001730397344,
            "cus": 0.000009387731552,
            "cic": -0.000000176951289,
            "cis": -0.000000426545739
        }
    },

    "NS6": { 
        "delay": 0.071015206047953,
        "ephemeris": {
            "sv": 6,
            "tow": 302430,
            "flags": 20,
            "iodc": 79,
            "toc": 309600,
            "ura": 0,
            "healthS": 0,
            "wn": 739,
            "tgd": -0.000000005122274,
            "af2": 0.000000000000000,
            "af1": 0.000000000017963,
            "af0": 0.000115862581879,
            "toe": 309600,
            "iode": 79,
            "rootA": 5153.684543609619140,
            "ecc": 0.008171498542652,
            "m0": -0.911024216562510,
            "omega0": 0.340961907058954,
            "inc0": 0.299958222545683,
            "argPer": -0.067274230532348,
            "deln": 0.000000001550688,
            "omegaDot": -0.000000002545562,
            "incDot": 0.000000000115847,
            "crc": 192.125000000000000,
            "crs": -13.031250000000000,
            "cuc": -0.000000597909093,
            "cus": 0.000009229406714,
            "cic": -0.000000126659870,
            "cis": 0.000000031664968
        }
    },

    "NS15": { 
        "delay": 0.078762804453463,
        "ephemeris": {
            "sv": 15,
            "tow": 304620,
            "flags": 20,
            "iodc": 69,
            "toc": 309600,
            "ura": 0,
            "healthS": 0,
            "wn": 739,
            "tgd": -0.000000009778887,
            "af2": 0.000000000000000,
            "af1": -0.000000000001933,
            "af0": -0.000143413897604,
            "toe": 309600,
            "iode": 69,
            "rootA": 5153.591779708862304,
            "ecc": 0.005704451585189,
            "m0": 0.691626224666834,
            "omega0": -0.648225022014230,
            "inc0": 0.298921220004559,
            "argPer": 0.053600891027600,
            "deln": 0.000000001535000,
            "omegaDot": -0.000000002622755,
            "incDot": 0.000000000010800,
            "crc": 205.687500000000000,
            "crs": 99.781250000000000,
            "cuc": 0.000005172565579,
            "cus": 0.000008419156075,
            "cic": -0.000000074505806,
            "cis": 0.000000055879354
        }
    },

    "NS18": { 
        "delay": 0.071205534977748,
        "ephemeris": {
            "sv": 18,
            "tow": 302430,
            "flags": 20,
            "iodc": 75,
            "toc": 309600,
            "ura": 0,
            "healthS": 0,
            "wn": 739,
            "tgd": -0.000000010710210,
            "af2": 0.000000000000000,
            "af1": 0.000000000002046,
            "af0": 0.000280930195004,
            "toe": 309600,
            "iode": 75,
            "rootA": 5153.642902374267578,
            "ecc": 0.014577551861294,
            "m0": -0.592315151821822,
            "omega0": -0.972444566432387,
            "inc0": 0.295099193695933,
            "argPer": -0.660340900067240,
            "deln": 0.000000001637431,
            "omegaDot": -0.000000002564889,
            "incDot": -0.000000000124487,
            "crc": 192.375000000000000,
            "crs": 5.250000000000000,
            "cuc": 0.000000223517418,
            "cus": 0.000008761882782,
            "cic": 0.000000298023224,
            "cis": -0.000000124797225
        }
    },

    "NS19": { 
        "delay": 0.071184273313754,
        "ephemeris": {
            "sv": 19,
            "tow": 302430,
            "flags": 20,
            "iodc": 32,
            "toc": 309600,
            "ura": 0,
            "healthS": 0,
            "wn": 739,
            "tgd": -0.000000014435500,
            "af2": 0.000000000000000,
            "af1": -0.000000000002728,
            "af0": -0.000413436908275,
            "toe": 309600,
            "iode": 32,
            "rootA": 5153.752132415771484,
            "ecc": 0.009592773974873,
            "m0": 0.649402513634414,
            "omega0": 0.391444434411824,
            "inc0": 0.306711107026786,
            "argPer": 0.125257891137153,
            "deln": 0.000000001455874,
            "omegaDot": -0.000000002526917,
            "incDot": 0.000000000110617,
            "crc": 204.593750000000000,
            "crs": -4.968750000000000,
            "cuc": -0.000000195577741,
            "cus": 0.000009261071682,
            "cic": -0.000000234693289,
            "cis": 0.000000085681677
        }
    },

    "NS21": { 
        "delay": 0.076777839326962,
        "ephemeris": {
            "sv": 21,
            "tow": 296940,
            "flags": 20,
            "iodc": 21,
            "toc": 302400,
            "ura": 0,
            "healthS": 0,
            "wn": 739,
            "tgd": -0.000000011175871,
            "af2": 0.000000000000000,
            "af1": -0.000000000001819,
            "af0": -0.000324948225170,
            "toe": 302400,
            "iode": 21,
            "rootA": 5153.608232498168946,
            "ecc": 0.020624927012250,
            "m0": -0.601508533582091,
            "omega0": 0.694502055644989,
            "inc0": 0.296552573796362,
            "argPer": -0.667267484124750,
            "deln": 0.000000001692911,
            "omegaDot": -0.000000002598995,
            "incDot": 0.000000000025693,
            "crc": 256.500000000000000,
            "crs": -2.093750000000000,
            "cuc": -0.000000150874257,
            "cus": 0.000005271285772,
            "cic": 0.000000322237611,
            "cis": -0.000000087544322
        }
    },

    "NS22": { 
        "delay": 0.068128831913643,
        "ephemeris": {
            "sv": 22,
            "tow": 303180,
            "flags": 20,
            "iodc": 29,
            "toc": 309600,
            "ura": 0,
            "healthS": 0,
            "wn": 739,
            "tgd": -0.000000017229468,
            "af2": 0.000000000000000,
            "af1": 0.000000000001705,
            "af0": 0.000191203318536,
            "toe": 309600,
            "iode": 29,
            "rootA": 5153.646726608276367,
            "ecc": 0.006734833586961,
            "m0": -0.774597143288702,
            "omega0": -0.971709451172501,
            "inc0": 0.294385534711182,
            "argPer": -0.649586350657046,
            "deln": 0.000000001649141,
            "omegaDot": -0.000000002591264,
            "incDot": -0.000000000122895,
            "crc": 187.312500000000000,
            "crs": 0.656250000000000,
            "cuc": 0.000000013038516,
            "cus": 0.000008992850780,
            "cic": 0.000000014901161,
            "cis": -0.000000085681677
        }
    },

    "NS27": { 
        "delay": 0.069245874110177,
        "ephemeris": {
            "sv": 27,
            "tow": 302400,
            "flags": 20,
            "iodc": 35,
            "toc": 309600,
            "ura": 0,
            "healthS": 0,
            "wn": 739,
            "tgd": 0.000000001862645,
            "af2": 0.000000000000000,