{
    "ephemeris": {
        "tow": 197670,
        "iodc" : 27,
        "toc" : 201600,
        "ura" : 0,
        "healthS" : 0,
        "wn" : 694,
        "tgd" : -0.000000006053597,
        "af2" : 0.000000000000000,
        "af1" : 0.000000000013529,
        "af0" : -0.000179014168680,
        "toe" : 201600,
        "iode" : 27,
        "rootA" : 5153.656848907470703,
        "ecc" : 0.020918975234963,
        "m0" : -0.068022320978343,
        "omega0" : -0.813573088962585,
        "inc0" : 0.312334161717445,
        "argPer" : 0.385807553306222,
        "deln" : 0.000000001372541,
        "omegaDot" : -0.000000002712909,
        "incDot" : 0.000000000119030,
        "crc" : 327.968750000000000,
        "crs" : 112.343750000000000,
        "cuc" : 0.000006040558219,
        "cus" : 0.000003557652235,
        "cic" : -0.000000104308128,
        "cis" : 0.000000284984708
    }
}